{
  "mean_final": 0.0039598116538234855,
  "mean_iters": 10.62278,
  "median_final": 0.0008726618769061591,
  "p95_final": 0.0012721371504693108,
  "success": 48378,
  "success_rate": 0.96756,
  "total": 50000
}